Workbook

Sheet Dashboard
B2: Dashboard de Propostas
B3: Controle diário de propostas, ajustes e conclusões
B5: Selecione a data: | C5: 46251 | D5: (altere aqui para ver outro dia)
B7: Propostas novas no dia | C7: Ficaram em ajustes no dia | D7: Concluídas após ajustes (exclui as do próprio dia) | E7: Concluídas no dia (total)
B8: =IFERROR(INDEX('Resumo Diário'!B:B,MATCH($C$5,'Resumo Diário'!A:A,0)),0) -> 3 | C8: =IFERROR(INDEX('Resumo Diário'!C:C,MATCH($C$5,'Resumo Diário'!A:A,0)),0) -> 2 | D8: =IFERROR(INDEX('Resumo Diário'!D:D,MATCH($C$5,'Resumo Diário'!A:A,0)),0) -> 0 | E8: =IFERROR(INDEX('Resumo Diário'!E:E,MATCH($C$5,'Resumo Diário'!A:A,0)),0) -> 0
B11: Histórico (últimos 30 dias até a data selecionada)
B12: Data | C12: Propostas novas | D12: Em ajustes | E12: Concl. após ajustes | F12: Concl. no dia (total)
B13: =$C$5-0 -> 46251 | C13: =IFERROR(INDEX('Resumo Diário'!B:B,MATCH($B13,'Resumo Diário'!$A:$A,0)),"") -> 3 | D13: =IFERROR(INDEX('Resumo Diário'!C:C,MATCH($B13,'Resumo Diário'!$A:$A,0)),"") -> 2 | E13: =IFERROR(INDEX('Resumo Diário'!D:D,MATCH($B13,'Resumo Diário'!$A:$A,0)),"") -> 0 | F13: =IFERROR(INDEX('Resumo Diário'!E:E,MATCH($B13,'Resumo Diário'!$A:$A,0)),"") -> 0
B14: =$C$5-1 -> 46250 | C14: =IFERROR(INDEX('Resumo Diário'!B:B,MATCH($B14,'Resumo Diário'!$A:$A,0)),"") -> 0 | D14: =IFERROR(INDEX('Resumo Diário'!C:C,MATCH($B14,'Resumo Diário'!$A:$A,0)),"") -> 0 | E14: =IFERROR(INDEX('Resumo Diário'!D:D,MATCH($B14,'Resumo Diário'!$A:$A,0)),"") -> 1 | F14: =IFERROR(INDEX('Resumo Diário'!E:E,MATCH($B14,'Resumo Diário'!$A:$A,0)),"") -> 1
B15: =$C$5-2 -> 46249 | C15: =IFERROR(INDEX('Resumo Diário'!B:B,MATCH($B15,'Resumo Diário'!$A:$A,0)),"") -> 1 | D15: =IFERROR(INDEX('Resumo Diário'!C:C,MATCH($B15,'Resumo Diário'!$A:$A,0)),"") -> 0 | E15: =IFERROR(INDEX('Resumo Diário'!D:D,MATCH($B15,'Resumo Diário'!$A:$A,0)),"") -> 1 | F15: =IFERROR(INDEX('Resumo Diário'!E:E,MATCH($B15,'Resumo Diário'!$A:$A,0)),"") -> 1
B16: =$C$5-3 -> 46248 | C16: =IFERROR(INDEX('Resumo Diário'!B:B,MATCH($B16,'Resumo Diário'!$A:$A,0)),"") -> 1 | D16: =IFERROR(INDEX('Resumo Diário'!C:C,MATCH($B16,'Resumo Diário'!$A:$A,0)),"") -> 1 | E16: =IFERROR(INDEX('Resumo Diário'!D:D,MATCH($B16,'Resumo Diário'!$A:$A,0)),"") -> 0 | F16: =IFERROR(INDEX('Resumo Diário'!E:E,MATCH($B16,'Resumo Diário'!$A:$A,0)),"") -> 0
B17: =$C$5-4 -> 46247 | C17: =IFERROR(INDEX('Resumo Diário'!B:B,MATCH($B17,'Resumo Diário'!$A:$A,0)),"") -> 0 | D17: =IFERROR(INDEX('Resumo Diário'!C:C,MATCH($B17,'Resumo Diário'!$A:$A,0)),"") -> 0 | E17: =IFERROR(INDEX('Resumo Diário'!D:D,MATCH($B17,'Resumo Diário'!$A:$A,0)),"") -> 0 | F17: =IFERROR(INDEX('Resumo Diário'!E:E,MATCH($B17,'Resumo Diário'!$A:$A,0)),"") -> 0
B18: =$C$5-5 -> 46246 | C18: =IFERROR(INDEX('Resumo Diário'!B:B,MATCH($B18,'Resumo Diário'!$A:$A,0)),"") -> 0 | D18: =IFERROR(INDEX('Resumo Diário'!C:C,MATCH($B18,'Resumo Diário'!$A:$A,0)),"") -> 0 | E18: =IFERROR(INDEX('Resumo Diário'!D:D,MATCH($B18,'Resumo Diário'!$A:$A,0)),"") -> 0 | F18: =IFERROR(INDEX('Resumo Diário'!E:E,MATCH($B18,'Resumo Diário'!$A:$A,0)),"") -> 0
B19: =$C$5-6 -> 46245 | C19: =IFERROR(INDEX('Resumo Diário'!B:B,MATCH($B19,'Resumo Diário'!$A:$A,0)),"") -> 1 | D19: =IFERROR(INDEX('Resumo Diário'!C:C,MATCH($B19,'Resumo Diário'!$A:$A,0)),"") -> 1 | E19: =IFERROR(INDEX('Resumo Diário'!D:D,MATCH($B19,'Resumo Diário'!$A:$A,0)),"") -> 0 | F19: =IFERROR(INDEX('Resumo Diário'!E:E,MATCH($B19,'Resumo Diário'!$A:$A,0)),"") -> 0
B20: =$C$5-7 -> 46244 | C20: =IFERROR(INDEX('Resumo Diário'!B:B,MATCH($B20,'Resumo Diário'!$A:$A,0)),"") -> 0 | D20: =IFERROR(INDEX('Resumo Diário'!C:C,MATCH($B20,'Resumo Diário'!$A:$A,0)),"") -> 1 | E20: =IFERROR(INDEX('Resumo Diário'!D:D,MATCH($B20,'Resumo Diário'!$A:$A,0)),"") -> 0 | F20: =IFERROR(INDEX('Resumo Diário'!E:E,MATCH($B20,'Resumo Diário'!$A:$A,0)),"") -> 0
B21: =$C$5-8 -> 46243 | C21: =IFERROR(INDEX('Resumo Diário'!B:B,MATCH($B21,'Resumo Diário'!$A:$A,0)),"") -> 1 | D21: =IFERROR(INDEX('Resumo Diário'!C:C,MATCH($B21,'Resumo Diário'!$A:$A,0)),"") -> 0 | E21: =IFERROR(INDEX('Resumo Diário'!D:D,MATCH($B21,'Resumo Diário'!$A:$A,0)),"") -> 0 | F21: =IFERROR(INDEX('Resumo Diário'!E:E,MATCH($B21,'Resumo Diário'!$A:$A,0)),"") -> 0
B22: =$C$5-9 -> 46242 | C22: =IFERROR(INDEX('Resumo Diário'!B:B,MATCH($B22,'Resumo Diário'!$A:$A,0)),"") -> 0 | D22: =IFERROR(INDEX('Resumo Diário'!C:C,MATCH($B22,'Resumo Diário'!$A:$A,0)),"") -> 0 | E22: =IFERROR(INDEX('Resumo Diário'!D:D,MATCH($B22,'Resumo Diário'!$A:$A,0)),"") -> 0 | F22: =IFERROR(INDEX('Resumo Diário'!E:E,MATCH($B22,'Resumo Diário'!$A:$A,0)),"") -> 0
B23: =$C$5-10 -> 46241 | C23: =IFERROR(INDEX('Resumo Diário'!B:B,MATCH($B23,'Resumo Diário'!$A:$A,0)),"") -> 0 | D23: =IFERROR(INDEX('Resumo Diário'!C:C,MATCH($B23,'Resumo Diário'!$A:$A,0)),"") -> 0 | E23: =IFERROR(INDEX('Resumo Diário'!D:D,MATCH($B23,'Resumo Diário'!$A:$A,0)),"") -> 0 | F23: =IFERROR(INDEX('Resumo Diário'!E:E,MATCH($B23,'Resumo Diário'!$A:$A,0)),"") -> 0
B24: =$C$5-11 -> 46240 | C24: =IFERROR(INDEX('Resumo Diário'!B:B,MATCH($B24,'Resumo Diário'!$A:$A,0)),"") -> 0 | D24: =IFERROR(INDEX('Resumo Diário'!C:C,MATCH($B24,'Resumo Diário'!$A:$A,0)),"") -> 0 | E24: =IFERROR(INDEX('Resumo Diário'!D:D,MATCH($B24,'Resumo Diário'!$A:$A,0)),"") -> 0 | F24: =IFERROR(INDEX('Resumo Diário'!E:E,MATCH($B24,'Resumo Diário'!$A:$A,0)),"") -> 0
B25: =$C$5-12 -> 46239 | C25: =IFERROR(INDEX('Resumo Diário'!B:B,MATCH($B25,'Resumo Diário'!$A:$A,0)),"") -> 0 | D25: =IFERROR(INDEX('Resumo Diário'!C:C,MATCH($B25,'Resumo Diário'!$A:$A,0)),"") -> 0 | E25: =IFERROR(INDEX('Resumo Diário'!D:D,MATCH($B25,'Resumo Diário'!$A:$A,0)),"") -> 0 | F25: =IFERROR(INDEX('Resumo Diário'!E:E,MATCH($B25,'Resumo Diário'!$A:$A,0)),"") -> 0
B26: =$C$5-13 -> 46238 | C26: =IFERROR(INDEX('Resumo Diário'!B:B,MATCH($B26,'Resumo Diário'!$A:$A,0)),"") -> 0 | D26: =IFERROR(INDEX('Resumo Diário'!C:C,MATCH($B26,'Resumo Diário'!$A:$A,0)),"") -> 0 | E26: =IFERROR(INDEX('Resumo Diário'!D:D,MATCH($B26,'Resumo Diário'!$A:$A,0)),"") -> 0 | F26: =IFERROR(INDEX('Resumo Diário'!E:E,MATCH($B26,'Resumo Diário'!$A:$A,0)),"") -> 0
B27: =$C$5-14 -> 46237 | C27: =IFERROR(INDEX('Resumo Diário'!B:B,MATCH($B27,'Resumo Diário'!$A:$A,0)),"") -> 0 | D27: =IFERROR(INDEX('Resumo Diário'!C:C,MATCH($B27,'Resumo Diário'!$A:$A,0)),"") -> 0 | E27: =IFERROR(INDEX('Resumo Diário'!D:D,MATCH($B27,'Resumo Diário'!$A:$A,0)),"") -> 0 | F27: =IFERROR(INDEX('Resumo Diário'!E:E,MATCH($B27,'Resumo Diário'!$A:$A,0)),"") -> 0
B28: =$C$5-15 -> 46236 | C28: =IFERROR(INDEX('Resumo Diário'!B:B,MATCH($B28,'Resumo Diário'!$A:$A,0)),"") -> 0 | D28: =IFERROR(INDEX('Resumo Diário'!C:C,MATCH($B28,'Resumo Diário'!$A:$A,0)),"") -> 0 | E28: =IFERROR(INDEX('Resumo Diário'!D:D,MATCH($B28,'Resumo Diário'!$A:$A,0)),"") -> 0 | F28: =IFERROR(INDEX('Resumo Diário'!E:E,MATCH($B28,'Resumo Diário'!$A:$A,0)),"") -> 0
B29: =$C$5-16 -> 46235 | C29: =IFERROR(INDEX('Resumo Diário'!B:B,MATCH($B29,'Resumo Diário'!$A:$A,0)),"") -> 0 | D29: =IFERROR(INDEX('Resumo Diário'!C:C,MATCH($B29,'Resumo Diário'!$A:$A,0)),"") -> 0 | E29: =IFERROR(INDEX('Resumo Diário'!D:D,MATCH($B29,'Resumo Diário'!$A:$A,0)),"") -> 0 | F29: =IFERROR(INDEX('Resumo Diário'!E:E,MATCH($B29,'Resumo Diário'!$A:$A,0)),"") -> 0
B30: =$C$5-17 -> 46234 | C30: =IFERROR(INDEX('Resumo Diário'!B:B,MATCH($B30,'Resumo Diário'!$A:$A,0)),"") | D30: =IFERROR(INDEX('Resumo Diário'!C:C,MATCH($B30,'Resumo Diário'!$A:$A,0)),"") | E30: =IFERROR(INDEX('Resumo Diário'!D:D,MATCH($B30,'Resumo Diário'!$A:$A,0)),"") | F30: =IFERROR(INDEX('Resumo Diário'!E:E,MATCH($B30,'Resumo Diário'!$A:$A,0)),"")
B31: =$C$5-18 -> 46233 | C31: =IFERROR(INDEX('Resumo Diário'!B:B,MATCH($B31,'Resumo Diário'!$A:$A,0)),"") | D31: =IFERROR(INDEX('Resumo Diário'!C:C,MATCH($B31,'Resumo Diário'!$A:$A,0)),"") | E31: =IFERROR(INDEX('Resumo Diário'!D:D,MATCH($B31,'Resumo Diário'!$A:$A,0)),"") | F31: =IFERROR(INDEX('Resumo Diário'!E:E,MATCH($B31,'Resumo Diário'!$A:$A,0)),"")
B32: =$C$5-19 -> 46232 | C32: =IFERROR(INDEX('Resumo Diário'!B:B,MATCH($B32,'Resumo Diário'!$A:$A,0)),"") | D32: =IFERROR(INDEX('Resumo Diário'!C:C,MATCH($B32,'Resumo Diário'!$A:$A,0)),"") | E32: =IFERROR(INDEX('Resumo Diário'!D:D,MATCH($B32,'Resumo Diário'!$A:$A,0)),"") | F32: =IFERROR(INDEX('Resumo Diário'!E:E,MATCH($B32,'Resumo Diário'!$A:$A,0)),"")
B33: =$C$5-20 -> 46231 | C33: =IFERROR(INDEX('Resumo Diário'!B:B,MATCH($B33,'Resumo Diário'!$A:$A,0)),"") | D33: =IFERROR(INDEX('Resumo Diário'!C:C,MATCH($B33,'Resumo Diário'!$A:$A,0)),"") | E33: =IFERROR(INDEX('Resumo Diário'!D:D,MATCH($B33,'Resumo Diário'!$A:$A,0)),"") | F33: =IFERROR(INDEX('Resumo Diário'!E:E,MATCH($B33,'Resumo Diário'!$A:$A,0)),"")
B34: =$C$5-21 -> 46230 | C34: =IFERROR(INDEX('Resumo Diário'!B:B,MATCH($B34,'Resumo Diário'!$A:$A,0)),"") | D34: =IFERROR(INDEX('Resumo Diário'!C:C,MATCH($B34,'Resumo Diário'!$A:$A,0)),"") | E34: =IFERROR(INDEX('Resumo Diário'!D:D,MATCH($B34,'Resumo Diário'!$A:$A,0)),"") | F34: =IFERROR(INDEX('Resumo Diário'!E:E,MATCH($B34,'Resumo Diário'!$A:$A,0)),"")
B35: =$C$5-22 -> 46229 | C35: =IFERROR(INDEX('Resumo Diário'!B:B,MATCH($B35,'Resumo Diário'!$A:$A,0)),"") | D35: =IFERROR(INDEX('Resumo Diário'!C:C,MATCH($B35,'Resumo Diário'!$A:$A,0)),"") | E35: =IFERROR(INDEX('Resumo Diário'!D:D,MATCH($B35,'Resumo Diário'!$A:$A,0)),"") | F35: =IFERROR(INDEX('Resumo Diário'!E:E,MATCH($B35,'Resumo Diário'!$A:$A,0)),"")
B36: =$C$5-23 -> 46228 | C36: =IFERROR(INDEX('Resumo Diário'!B:B,MATCH($B36,'Resumo Diário'!$A:$A,0)),"") | D36: =IFERROR(INDEX('Resumo Diário'!C:C,MATCH($B36,'Resumo Diário'!$A:$A,0)),"") | E36: =IFERROR(INDEX('Resumo Diário'!D:D,MATCH($B36,'Resumo Diário'!$A:$A,0)),"") | F36: =IFERROR(INDEX('Resumo Diário'!E:E,MATCH($B36,'Resumo Diário'!$A:$A,0)),"")
B37: =$C$5-24 -> 46227 | C37: =IFERROR(INDEX('Resumo Diário'!B:B,MATCH($B37,'Resumo Diário'!$A:$A,0)),"") | D37: =IFERROR(INDEX('Resumo Diário'!C:C,MATCH($B37,'Resumo Diário'!$A:$A,0)),"") | E37: =IFERROR(INDEX('Resumo Diário'!D:D,MATCH($B37,'Resumo Diário'!$A:$A,0)),"") | F37: =IFERROR(INDEX('Resumo Diário'!E:E,MATCH($B37,'Resumo Diário'!$A:$A,0)),"")
B38: =$C$5-25 -> 46226 | C38: =IFERROR(INDEX('Resumo Diário'!B:B,MATCH($B38,'Resumo Diário'!$A:$A,0)),"") | D38: =IFERROR(INDEX('Resumo Diário'!C:C,MATCH($B38,'Resumo Diário'!$A:$A,0)),"") | E38: =IFERROR(INDEX('Resumo Diário'!D:D,MATCH($B38,'Resumo Diário'!$A:$A,0)),"") | F38: =IFERROR(INDEX('Resumo Diário'!E:E,MATCH($B38,'Resumo Diário'!$A:$A,0)),"")
B39: =$C$5-26 -> 46225 | C39: =IFERROR(INDEX('Resumo Diário'!B:B,MATCH($B39,'Resumo Diário'!$A:$A,0)),"") | D39: =IFERROR(INDEX('Resumo Diário'!C:C,MATCH($B39,'Resumo Diário'!$A:$A,0)),"") | E39: =IFERROR(INDEX('Resumo Diário'!D:D,MATCH($B39,'Resumo Diário'!$A:$A,0)),"") | F39: =IFERROR(INDEX('Resumo Diário'!E:E,MATCH($B39,'Resumo Diário'!$A:$A,0)),"")
B40: =$C$5-27 -> 46224 | C40: =IFERROR(INDEX('Resumo Diário'!B:B,MATCH($B40,'Resumo Diário'!$A:$A,0)),"") | D40: =IFERROR(INDEX('Resumo Diário'!C:C,MATCH($B40,'Resumo Diário'!$A:$A,0)),"") | E40: =IFERROR(INDEX('Resumo Diário'!D:D,MATCH($B40,'Resumo Diário'!$A:$A,0)),"") | F40: =IFERROR(INDEX('Resumo Diário'!E:E,MATCH($B40,'Resumo Diário'!$A:$A,0)),"")
B41: =$C$5-28 -> 46223 | C41: =IFERROR(INDEX('Resumo Diário'!B:B,MATCH($B41,'Resumo Diário'!$A:$A,0)),"") | D41: =IFERROR(INDEX('Resumo Diário'!C:C,MATCH($B41,'Resumo Diário'!$A:$A,0)),"") | E41: =IFERROR(INDEX('Resumo Diário'!D:D,MATCH($B41,'Resumo Diário'!$A:$A,0)),"") | F41: =IFERROR(INDEX('Resumo Diário'!E:E,MATCH($B41,'Resumo Diário'!$A:$A,0)),"")
B42: =$C$5-29 -> 46222 | C42: =IFERROR(INDEX('Resumo Diário'!B:B,MATCH($B42,'Resumo Diário'!$A:$A,0)),"") | D42: =IFERROR(INDEX('Resumo Diário'!C:C,MATCH($B42,'Resumo Diário'!$A:$A,0)),"") | E42: =IFERROR(INDEX('Resumo Diário'!D:D,MATCH($B42,'Resumo Diário'!$A:$A,0)),"") | F42: =IFERROR(INDEX('Resumo Diário'!E:E,MATCH($B42,'Resumo Diário'!$A:$A,0)),"")
B45: Notas: 'Concluídas após ajustes' conta apenas propostas que estavam em ajustes em um dia ANTERIOR ao da conclusão (fase Formalização + status Concluído). 'Concluídas no dia (total)' conta TODAS as conclusões daquele dia, incluindo as que vieram de ajuste de outro dia (ou seja, esse número já inclui o de 'Concluídas após ajustes'). 'Ficaram em ajustes' conta cada proposta 1 única vez, no dia da PRIMEIRA vez que ela entrou em ajustes — mesmo que ela volte a ficar em ajustes depois, em outra fase ou dia.

Sheet Dados
A1: DATA_HORA | B1: CODIGO | C1: COLABORADOR | D1: FASE | E1: STATUS | F1: ASSOCIADO | G1: AGENCIA | H1: VALOR | I1: DATA | J1: PROPOSTA_NOVA | K1: AJUSTE_ANTERIOR_OUTRO_DIA | L1: ULTIMA_DO_DIA | M1: PRIMEIRA_VEZ_EM_AJUSTES | N1: DATA_HORA_REAL
A2: 46248.333 | B2: 1001 | C2: Ana | D2: Análise | E2: Em andamento | F2: João Silva | G2: 0123 | H2: 50000 | I2: =IF(N2="","",INT(N2)) -> 46248 | J2: =IF(B2="","",IF(N2=_xlfn.MINIFS($N$2:$N$5001,$B$2:$B$5001,B2),1,0)) -> 1 | K2: =IF(B2="","",IF(AND(D2="Formalização",E2="Concluído"),IF(COUNTIFS($B$2:$B$5001,B2,$E$2:$E$5001,"Em ajustes",$N$2:$N$5001,"<"&I2)>0,1,0),0)) -> 0 | L2: =IF(B2="","",IF(N2=_xlfn.MAXIFS($N$2:$N$5001,$B$2:$B$5001,B2,$I$2:$I$5001,I2),1,0)) -> 0 | M2: =IF(B2="","",IF(E2="Em ajustes",IF(N2=_xlfn.MINIFS($N$2:$N$5001,$B$2:$B$5001,B2,$E$2:$E$5001,"Em ajustes"),1,0),0)) -> 0 | N2: =IF(A2="","",IF(ISNUMBER(A2),A2,IFERROR(DATE(VALUE(MID(A2,7,4)),VALUE(MID(A2,4,2)),VALUE(MID(A2,1,2)))+TIME(VALUE(MID(A2,12,2)),VALUE(MID(A2,15,2)),VALUE(MID(A2,18,2))),""))) -> 46248.333
A3: 46248.375 | B3: 1001 | C3: Ana | D3: Análise | E3: Em ajustes | F3: João Silva | G3: 0123 | H3: 50000 | I3: =IF(N3="","",INT(N3)) -> 46248 | J3: =IF(B3="","",IF(N3=_xlfn.MINIFS($N$2:$N$5001,$B$2:$B$5001,B3),1,0)) -> 0 | K3: =IF(B3="","",IF(AND(D3="Formalização",E3="Concluído"),IF(COUNTIFS($B$2:$B$5001,B3,$E$2:$E$5001,"Em ajustes",$N$2:$N$5001,"<"&I3)>0,1,0),0)) -> 0 | L3: =IF(B3="","",IF(N3=_xlfn.MAXIFS($N$2:$N$5001,$B$2:$B$5001,B3,$I$2:$I$5001,I3),1,0)) -> 1 | M3: =IF(B3="","",IF(E3="Em ajustes",IF(N3=_xlfn.MINIFS($N$2:$N$5001,$B$2:$B$5001,B3,$E$2:$E$5001,"Em ajustes"),1,0),0)) -> 1 | N3: =IF(A3="","",IF(ISNUMBER(A3),A3,IFERROR(DATE(VALUE(MID(A3,7,4)),VALUE(MID(A3,4,2)),VALUE(MID(A3,1,2)))+TIME(VALUE(MID(A3,12,2)),VALUE(MID(A3,15,2)),VALUE(MID(A3,18,2))),""))) -> 46248.375
A4: 46250.375 | B4: 1001 | C4: Ana | D4: Formalização | E4: Concluído | F4: João Silva | G4: 0123 | H4: 50000 | I4: =IF(N4="","",INT(N4)) -> 46250 | J4: =IF(B4="","",IF(N4=_xlfn.MINIFS($N$2:$N$5001,$B$2:$B$5001,B4),1,0)) -> 0 | K4: =IF(B4="","",IF(AND(D4="Formalização",E4="Concluído"),IF(COUNTIFS($B$2:$B$5001,B4,$E$2:$E$5001,"Em ajustes",$N$2:$N$5001,"<"&I4)>0,1,0),0)) -> 1 | L4: =IF(B4="","",IF(N4=_xlfn.MAXIFS($N$2:$N$5001,$B$2:$B$5001,B4,$I$2:$I$5001,I4),1,0)) -> 1 | M4: =IF(B4="","",IF(E4="Em ajustes",IF(N4=_xlfn.MINIFS($N$2:$N$5001,$B$2:$B$5001,B4,$E$2:$E$5001,"Em ajustes"),1,0),0)) -> 0 | N4: =IF(A4="","",IF(ISNUMBER(A4),A4,IFERROR(DATE(VALUE(MID(A4,7,4)),VALUE(MID(A4,4,2)),VALUE(MID(A4,1,2)))+TIME(VALUE(MID(A4,12,2)),VALUE(MID(A4,15,2)),VALUE(MID(A4,18,2))),""))) -> 46250.375
A5: 46251.167 | B5: 1002 | C5: Bruno | D5: Análise | E5: Em andamento | F5: Maria Souza | G5: 0456 | H5: 32000 | I5: =IF(N5="","",INT(N5)) -> 46251 | J5: =IF(B5="","",IF(N5=_xlfn.MINIFS($N$2:$N$5001,$B$2:$B$5001,B5),1,0)) -> 1 | K5: =IF(B5="","",IF(AND(D5="Formalização",E5="Concluído"),IF(COUNTIFS($B$2:$B$5001,B5,$E$2:$E$5001,"Em ajustes",$N$2:$N$5001,"<"&I5)>0,1,0),0)) -> 0 | L5: =IF(B5="","",IF(N5=_xlfn.MAXIFS($N$2:$N$5001,$B$2:$B$5001,B5,$I$2:$I$5001,I5),1,0)) -> 0 | M5: =IF(B5="","",IF(E5="Em ajustes",IF(N5=_xlfn.MINIFS($N$2:$N$5001,$B$2:$B$5001,B5,$E$2:$E$5001,"Em ajustes"),1,0),0)) -> 0 | N5: =IF(A5="","",IF(ISNUMBER(A5),A5,IFERROR(DATE(VALUE(MID(A5,7,4)),VALUE(MID(A5,4,2)),VALUE(MID(A5,1,2)))+TIME(VALUE(MID(A5,12,2)),VALUE(MID(A5,15,2)),VALUE(MID(A5,18,2))),""))) -> 46251.167
A6: 46251.292 | B6: 1002 | C6: Bruno | D6: Análise | E6: Em ajustes | F6: Maria Souza | G6: 0456 | H6: 32000 | I6: =IF(N6="","",INT(N6)) -> 46251 | J6: =IF(B6="","",IF(N6=_xlfn.MINIFS($N$2:$N$5001,$B$2:$B$5001,B6),1,0)) -> 0 | K6: =IF(B6="","",IF(AND(D6="Formalização",E6="Concluído"),IF(COUNTIFS($B$2:$B$5001,B6,$E$2:$E$5001,"Em ajustes",$N$2:$N$5001,"<"&I6)>0,1,0),0)) -> 0 | L6: =IF(B6="","",IF(N6=_xlfn.MAXIFS($N$2:$N$5001,$B$2:$B$5001,B6,$I$2:$I$5001,I6),1,0)) -> 1 | M6: =IF(B6="","",IF(E6="Em ajustes",IF(N6=_xlfn.MINIFS($N$2:$N$5001,$B$2:$B$5001,B6,$E$2:$E$5001,"Em ajustes"),1,0),0)) -> 1 | N6: =IF(A6="","",IF(ISNUMBER(A6),A6,IFERROR(DATE(VALUE(MID(A6,7,4)),VALUE(MID(A6,4,2)),VALUE(MID(A6,1,2)))+TIME(VALUE(MID(A6,12,2)),VALUE(MID(A6,15,2)),VALUE(MID(A6,18,2))),""))) -> 46251.292
A7: 46251.375 | B7: 1003 | C7: Ana | D7: Análise | E7: Em andamento | F7: Carlos Lima | G7: 0123 | H7: 41000 | I7: =IF(N7="","",INT(N7)) -> 46251 | J7: =IF(B7="","",IF(N7=_xlfn.MINIFS($N$2:$N$5001,$B$2:$B$5001,B7),1,0)) -> 1 | K7: =IF(B7="","",IF(AND(D7="Formalização",E7="Concluído"),IF(COUNTIFS($B$2:$B$5001,B7,$E$2:$E$5001,"Em ajustes",$N$2:$N$5001,"<"&I7)>0,1,0),0)) -> 0 | L7: =IF(B7="","",IF(N7=_xlfn.MAXIFS($N$2:$N$5001,$B$2:$B$5001,B7,$I$2:$I$5001,I7),1,0)) -> 1 | M7: =IF(B7="","",IF(E7="Em ajustes",IF(N7=_xlfn.MINIFS($N$2:$N$5001,$B$2:$B$5001,B7,$E$2:$E$5001,"Em ajustes"),1,0),0)) -> 0 | N7: =IF(A7="","",IF(ISNUMBER(A7),A7,IFERROR(DATE(VALUE(MID(A7,7,4)),VALUE(MID(A7,4,2)),VALUE(MID(A7,1,2)))+TIME(VALUE(MID(A7,12,2)),VALUE(MID(A7,15,2)),VALUE(MID(A7,18,2))),""))) -> 46251.375
A8: 46243.375 | B8: 1004 | C8: Bruno | D8: Análise | E8: Em andamento | F8: Paulo Reis | G8: 0789 | H8: 27000 | I8: =IF(N8="","",INT(N8)) -> 46243 | J8: =IF(B8="","",IF(N8=_xlfn.MINIFS($N$2:$N$5001,$B$2:$B$5001,B8),1,0)) -> 1 | K8: =IF(B8="","",IF(AND(D8="Formalização",E8="Concluído"),IF(COUNTIFS($B$2:$B$5001,B8,$E$2:$E$5001,"Em ajustes",$N$2:$N$5001,"<"&I8)>0,1,0),0)) -> 0 | L8: =IF(B8="","",IF(N8=_xlfn.MAXIFS($N$2:$N$5001,$B$2:$B$5001,B8,$I$2:$I$5001,I8),1,0)) -> 1 | M8: =IF(B8="","",IF(E8="Em ajustes",IF(N8=_xlfn.MINIFS($N$2:$N$5001,$B$2:$B$5001,B8,$E$2:$E$5001,"Em ajustes"),1,0),0)) -> 0 | N8: =IF(A8="","",IF(ISNUMBER(A8),A8,IFERROR(DATE(VALUE(MID(A8,7,4)),VALUE(MID(A8,4,2)),VALUE(MID(A8,1,2)))+TIME(VALUE(MID(A8,12,2)),VALUE(MID(A8,15,2)),VALUE(MID(A8,18,2))),""))) -> 46243.375
A9: 46244.375 | B9: 1004 | C9: Bruno | D9: Análise | E9: Em ajustes | F9: Paulo Reis | G9: 0789 | H9: 27000 | I9: =IF(N9="","",INT(N9)) -> 46244 | J9: =IF(B9="","",IF(N9=_xlfn.MINIFS($N$2:$N$5001,$B$2:$B$5001,B9),1,0)) -> 0 | K9: =IF(B9="","",IF(AND(D9="Formalização",E9="Concluído"),IF(COUNTIFS($B$2:$B$5001,B9,$E$2:$E$5001,"Em ajustes",$N$2:$N$5001,"<"&I9)>0,1,0),0)) -> 0 | L9: =IF(B9="","",IF(N9=_xlfn.MAXIFS($N$2:$N$5001,$B$2:$B$5001,B9,$I$2:$I$5001,I9),1,0)) -> 1 | M9: =IF(B9="","",IF(E9="Em ajustes",IF(N9=_xlfn.MINIFS($N$2:$N$5001,$B$2:$B$5001,B9,$E$2:$E$5001,"Em ajustes"),1,0),0)) -> 1 | N9: =IF(A9="","",IF(ISNUMBER(A9),A9,IFERROR(DATE(VALUE(MID(A9,7,4)),VALUE(MID(A9,4,2)),VALUE(MID(A9,1,2)))+TIME(VALUE(MID(A9,12,2)),VALUE(MID(A9,15,2)),VALUE(MID(A9,18,2))),""))) -> 46244.375
A10: 46249.375 | B10: 1004 | C10: Bruno | D10: Formalização | E10: Concluído | F10: Paulo Reis | G10: 0789 | H10: 27000 | I10: =IF(N10="","",INT(N10)) -> 46249 | J10: =IF(B10="","",IF(N10=_xlfn.MINIFS($N$2:$N$5001,$B$2:$B$5001,B10),1,0)) -> 0 | K10: =IF(B10="","",IF(AND(D10="Formalização",E10="Concluído"),IF(COUNTIFS($B$2:$B$5001,B10,$E$2:$E$5001,"Em ajustes",$N$2:$N$5001,"<"&I10)>0,1,0),0)) -> 1 | L10: =IF(B10="","",IF(N10=_xlfn.MAXIFS($N$2:$N$5001,$B$2:$B$5001,B10,$I$2:$I$5001,I10),1,0)) -> 1 | M10: =IF(B10="","",IF(E10="Em ajustes",IF(N10=_xlfn.MINIFS($N$2:$N$5001,$B$2:$B$5001,B10,$E$2:$E$5001,"Em ajustes"),1,0),0)) -> 0 | N10: =IF(A10="","",IF(ISNUMBER(A10),A10,IFERROR(DATE(VALUE(MID(A10,7,4)),VALUE(MID(A10,4,2)),VALUE(MID(A10,1,2)))+TIME(VALUE(MID(A10,12,2)),VALUE(MID(A10,15,2)),VALUE(MID(A10,18,2))),""))) -> 46249.375
A11: 46251.125 | B11: 1005 | C11: Ana | D11: Análise | E11: Em ajustes | F11: Rita Alves | G11: 0123 | H11: 18000 | I11: =IF(N11="","",INT(N11)) -> 46251 | J11: =IF(B11="","",IF(N11=_xlfn.MINIFS($N$2:$N$5001,$B$2:$B$5001,B11),1,0)) -> 1 | K11: =IF(B11="","",IF(AND(D11="Formalização",E11="Concluído"),IF(COUNTIFS($B$2:$B$5001,B11,$E$2:$E$5001,"Em ajustes",$N$2:$N$5001,"<"&I11)>0,1,0),0)) -> 0 | L11: =IF(B11="","",IF(N11=_xlfn.MAXIFS($N$2:$N$5001,$B$2:$B$5001,B11,$I$2:$I$5001,I11),1,0)) -> 0 | M11: =IF(B11="","",IF(E11="Em ajustes",IF(N11=_xlfn.MINIFS($N$2:$N$5001,$B$2:$B$5001,B11,$E$2:$E$5001,"Em ajustes"),1,0),0)) -> 1 | N11: =IF(A11="","",IF(ISNUMBER(A11),A11,IFERROR(DATE(VALUE(MID(A11,7,4)),VALUE(MID(A11,4,2)),VALUE(MID(A11,1,2)))+TIME(VALUE(MID(A11,12,2)),VALUE(MID(A11,15,2)),VALUE(MID(A11,18,2))),""))) -> 46251.125
A12: 46251.25 | B12: 1005 | C12: Ana | D12: Análise | E12: Em ajustes | F12: Rita Alves | G12: 0123 | H12: 18000 | I12: =IF(N12="","",INT(N12)) -> 46251 | J12: =IF(B12="","",IF(N12=_xlfn.MINIFS($N$2:$N$5001,$B$2:$B$5001,B12),1,0)) -> 0 | K12: =IF(B12="","",IF(AND(D12="Formalização",E12="Concluído"),IF(COUNTIFS($B$2:$B$5001,B12,$E$2:$E$5001,"Em ajustes",$N$2:$N$5001,"<"&I12)>0,1,0),0)) -> 0 | L12: =IF(B12="","",IF(N12=_xlfn.MAXIFS($N$2:$N$5001,$B$2:$B$5001,B12,$I$2:$I$5001,I12),1,0)) -> 1 | M12: =IF(B12="","",IF(E12="Em ajustes",IF(N12=_xlfn.MINIFS($N$2:$N$5001,$B$2:$B$5001,B12,$E$2:$E$5001,"Em ajustes"),1,0),0)) -> 0 | N12: =IF(A12="","",IF(ISNUMBER(A12),A12,IFERROR(DATE(VALUE(MID(A12,7,4)),VALUE(MID(A12,4,2)),VALUE(MID(A12,1,2)))+TIME(VALUE(MID(A12,12,2)),VALUE(MID(A12,15,2)),VALUE(MID(A12,18,2))),""))) -> 46251.25
A13: 46245.375 | B13: 1006 | C13: Bruno | D13: Esteira | E13: Em ajustes | F13: Sofia Melo | G13: 0456 | H13: 22000 | I13: =IF(N13="","",INT(N13)) -> 46245 | J13: =IF(B13="","",IF(N13=_xlfn.MINIFS($N$2:$N$5001,$B$2:$B$5001,B13),1,0)) -> 1 | K13: =IF(B13="","",IF(AND(D13="Formalização",E13="Concluído"),IF(COUNTIFS($B$2:$B$5001,B13,$E$2:$E$5001,"Em ajustes",$N$2:$N$5001,"<"&I13)>0,1,0),0)) -> 0 | L13: =IF(B13="","",IF(N13=_xlfn.MAXIFS($N$2:$N$5001,$B$2:$B$5001,B13,$I$2:$I$5001,I13),1,0)) -> 1 | M13: =IF(B13="","",IF(E13="Em ajustes",IF(N13=_xlfn.MINIFS($N$2:$N$5001,$B$2:$B$5001,B13,$E$2:$E$5001,"Em ajustes"),1,0),0)) -> 1 | N13: =IF(A13="","",IF(ISNUMBER(A13),A13,IFERROR(DATE(VALUE(MID(A13,7,4)),VALUE(MID(A13,4,2)),VALUE(MID(A13,1,2)))+TIME(VALUE(MID(A13,12,2)),VALUE(MID(A13,15,2)),VALUE(MID(A13,18,2))),""))) -> 46245.375
... A15: 46250.375 | B15: 1006 | C15: Bruno | D15: Formalização | E15: Em ajustes | F15: Sofia Melo | G15: 0456 | H15: 22000 | I15: =IF(N15="","",INT(N15)) -> 46250 | J15: =IF(B15="","",IF(N15=_xlfn.MINIFS($N$2:$N$5001,$B$2:$B$5001,B15),1,0)) -> 0 | K15: =IF(B15="","",IF(AND(D15="Formalização",E15="Concluído"),IF(COUNTIFS($B$2:$B$5001,B15,$E$2:$E$5001,"Em ajustes",$N$2:$N$5001,"<"&I15)>0,1,0),0)) -> 0 | L15: =IF(B15="","",IF(N15=_xlfn.MAXIFS($N$2:$N$5001,$B$2:$B$5001,B15,$I$2:$I$5001,I15),1,0)) -> 1 | M15: =IF(B15="","",IF(E15="Em ajustes",IF(N15=_xlfn.MINIFS($N$2:$N$5001,$B$2:$B$5001,B15,$E$2:$E$5001,"Em ajustes"),1,0),0)) -> 0 | N15: =IF(A15="","",IF(ISNUMBER(A15),A15,IFERROR(DATE(VALUE(MID(A15,7,4)),VALUE(MID(A15,4,2)),VALUE(MID(A15,1,2)))+TIME(VALUE(MID(A15,12,2)),VALUE(MID(A15,15,2)),VALUE(MID(A15,18,2))),""))) -> 46250.375
A16: 15/08/2026 09:00:00 | B16: 1007 | C16: Ana | D16: Análise | E16: Em andamento | F16: Marta Nunes | G16: 0789 | H16: 15000 | I16: =IF(N16="","",INT(N16)) -> 46249 | J16: =IF(B16="","",IF(N16=_xlfn.MINIFS($N$2:$N$5001,$B$2:$B$5001,B16),1,0)) -> 1 | K16: =IF(B16="","",IF(AND(D16="Formalização",E16="Concluído"),IF(COUNTIFS($B$2:$B$5001,B16,$E$2:$E$5001,"Em ajustes",$N$2:$N$5001,"<"&I16)>0,1,0),0)) -> 0 | L16: =IF(B16="","",IF(N16=_xlfn.MAXIFS($N$2:$N$5001,$B$2:$B$5001,B16,$I$2:$I$5001,I16),1,0)) -> 1 | M16: =IF(B16="","",IF(E16="Em ajustes",IF(N16=_xlfn.MINIFS($N$2:$N$5001,$B$2:$B$5001,B16,$E$2:$E$5001,"Em ajustes"),1,0),0)) -> 0 | N16: =IF(A16="","",IF(ISNUMBER(A16),A16,IFERROR(DATE(VALUE(MID(A16,7,4)),VALUE(MID(A16,4,2)),VALUE(MID(A16,1,2)))+TIME(VALUE(MID(A16,12,2)),VALUE(MID(A16,15,2)),VALUE(MID(A16,18,2))),""))) -> 46249.375
I17: =IF(N17="","",INT(N17)) | J17: =IF(B17="","",IF(N17=_xlfn.MINIFS($N$2:$N$5001,$B$2:$B$5001,B17),1,0)) | K17: =IF(B17="","",IF(AND(D17="Formalização",E17="Concluído"),IF(COUNTIFS($B$2:$B$5001,B17,$E$2:$E$5001,"Em ajustes",$N$2:$N$5001,"<"&I17)>0,1,0),0)) | L17: =IF(B17="","",IF(N17=_xlfn.MAXIFS($N$2:$N$5001,$B$2:$B$5001,B17,$I$2:$I$5001,I17),1,0)) | M17: =IF(B17="","",IF(E17="Em ajustes",IF(N17=_xlfn.MINIFS($N$2:$N$5001,$B$2:$B$5001,B17,$E$2:$E$5001,"Em ajustes"),1,0),0)) | N17: =IF(A17="","",IF(ISNUMBER(A17),A17,IFERROR(DATE(VALUE(MID(A17,7,4)),VALUE(MID(A17,4,2)),VALUE(MID(A17,1,2)))+TIME(VALUE(MID(A17,12,2)),VALUE(MID(A17,15,2)),VALUE(MID(A17,18,2))),"")))
I18: =IF(N18="","",INT(N18)) | J18: =IF(B18="","",IF(N18=_xlfn.MINIFS($N$2:$N$5001,$B$2:$B$5001,B18),1,0)) | K18: =IF(B18="","",IF(AND(D18="Formalização",E18="Concluído"),IF(COUNTIFS($B$2:$B$5001,B18,$E$2:$E$5001,"Em ajustes",$N$2:$N$5001,"<"&I18)>0,1,0),0)) | L18: =IF(B18="","",IF(N18=_xlfn.MAXIFS($N$2:$N$5001,$B$2:$B$5001,B18,$I$2:$I$5001,I18),1,0)) | M18: =IF(B18="","",IF(E18="Em ajustes",IF(N18=_xlfn.MINIFS($N$2:$N$5001,$B$2:$B$5001,B18,$E$2:$E$5001,"Em ajustes"),1,0),0)) | N18: =IF(A18="","",IF(ISNUMBER(A18),A18,IFERROR(DATE(VALUE(MID(A18,7,4)),VALUE(MID(A18,4,2)),VALUE(MID(A18,1,2)))+TIME(VALUE(MID(A18,12,2)),VALUE(MID(A18,15,2)),VALUE(MID(A18,18,2))),"")))
I19: =IF(N19="","",INT(N19)) | J19: =IF(B19="","",IF(N19=_xlfn.MINIFS($N$2:$N$5001,$B$2:$B$5001,B19),1,0)) | K19: =IF(B19="","",IF(AND(D19="Formalização",E19="Concluído"),IF(COUNTIFS($B$2:$B$5001,B19,$E$2:$E$5001,"Em ajustes",$N$2:$N$5001,"<"&I19)>0,1,0),0)) | L19: =IF(B19="","",IF(N19=_xlfn.MAXIFS($N$2:$N$5001,$B$2:$B$5001,B19,$I$2:$I$5001,I19),1,0)) | M19: =IF(B19="","",IF(E19="Em ajustes",IF(N19=_xlfn.MINIFS($N$2:$N$5001,$B$2:$B$5001,B19,$E$2:$E$5001,"Em ajustes"),1,0),0)) | N19: =IF(A19="","",IF(ISNUMBER(A19),A19,IFERROR(DATE(VALUE(MID(A19,7,4)),VALUE(MID(A19,4,2)),VALUE(MID(A19,1,2)))+TIME(VALUE(MID(A19,12,2)),VALUE(MID(A19,15,2)),VALUE(MID(A19,18,2))),"")))
I20: =IF(N20="","",INT(N20)) | J20: =IF(B20="","",IF(N20=_xlfn.MINIFS($N$2:$N$5001,$B$2:$B$5001,B20),1,0)) | K20: =IF(B20="","",IF(AND(D20="Formalização",E20="Concluído"),IF(COUNTIFS($B$2:$B$5001,B20,$E$2:$E$5001,"Em ajustes",$N$2:$N$5001,"<"&I20)>0,1,0),0)) | L20: =IF(B20="","",IF(N20=_xlfn.MAXIFS($N$2:$N$5001,$B$2:$B$5001,B20,$I$2:$I$5001,I20),1,0)) | M20: =IF(B20="","",IF(E20="Em ajustes",IF(N20=_xlfn.MINIFS($N$2:$N$5001,$B$2:$B$5001,B20,$E$2:$E$5001,"Em ajustes"),1,0),0)) | N20: =IF(A20="","",IF(ISNUMBER(A20),A20,IFERROR(DATE(VALUE(MID(A20,7,4)),VALUE(MID(A20,4,2)),VALUE(MID(A20,1,2)))+TIME(VALUE(MID(A20,12,2)),VALUE(MID(A20,15,2)),VALUE(MID(A20,18,2))),"")))
I21: =IF(N21="","",INT(N21)) | J21: =IF(B21="","",IF(N21=_xlfn.MINIFS($N$2:$N$5001,$B$2:$B$5001,B21),1,0)) | K21: =IF(B21="","",IF(AND(D21="Formalização",E21="Concluído"),IF(COUNTIFS($B$2:$B$5001,B21,$E$2:$E$5001,"Em ajustes",$N$2:$N$5001,"<"&I21)>0,1,0),0)) | L21: =IF(B21="","",IF(N21=_xlfn.MAXIFS($N$2:$N$5001,$B$2:$B$5001,B21,$I$2:$I$5001,I21),1,0)) | M21: =IF(B21="","",IF(E21="Em ajustes",IF(N21=_xlfn.MINIFS($N$2:$N$5001,$B$2:$B$5001,B21,$E$2:$E$5001,"Em ajustes"),1,0),0)) | N21: =IF(A21="","",IF(ISNUMBER(A21),A21,IFERROR(DATE(VALUE(MID(A21,7,4)),VALUE(MID(A21,4,2)),VALUE(MID(A21,1,2)))+TIME(VALUE(MID(A21,12,2)),VALUE(MID(A21,15,2)),VALUE(MID(A21,18,2))),"")))
I22: =IF(N22="","",INT(N22)) | J22: =IF(B22="","",IF(N22=_xlfn.MINIFS($N$2:$N$5001,$B$2:$B$5001,B22),1,0)) | K22: =IF(B22="","",IF(AND(D22="Formalização",E22="Concluído"),IF(COUNTIFS($B$2:$B$5001,B22,$E$2:$E$5001,"Em ajustes",$N$2:$N$5001,"<"&I22)>0,1,0),0)) | L22: =IF(B22="","",IF(N22=_xlfn.MAXIFS($N$2:$N$5001,$B$2:$B$5001,B22,$I$2:$I$5001,I22),1,0)) | M22: =IF(B22="","",IF(E22="Em ajustes",IF(N22=_xlfn.MINIFS($N$2:$N$5001,$B$2:$B$5001,B22,$E$2:$E$5001,"Em ajustes"),1,0),0)) | N22: =IF(A22="","",IF(ISNUMBER(A22),A22,IFERROR(DATE(VALUE(MID(A22,7,4)),VALUE(MID(A22,4,2)),VALUE(MID(A22,1,2)))+TIME(VALUE(MID(A22,12,2)),VALUE(MID(A22,15,2)),VALUE(MID(A22,18,2))),"")))
I23: =IF(N23="","",INT(N23)) | J23: =IF(B23="","",IF(N23=_xlfn.MINIFS($N$2:$N$5001,$B$2:$B$5001,B23),1,0)) | K23: =IF(B23="","",IF(AND(D23="Formalização",E23="Concluído"),IF(COUNTIFS($B$2:$B$5001,B23,$E$2:$E$5001,"Em ajustes",$N$2:$N$5001,"<"&I23)>0,1,0),0)) | L23: =IF(B23="","",IF(N23=_xlfn.MAXIFS($N$2:$N$5001,$B$2:$B$5001,B23,$I$2:$I$5001,I23),1,0)) | M23: =IF(B23="","",IF(E23="Em ajustes",IF(N23=_xlfn.MINIFS($N$2:$N$5001,$B$2:$B$5001,B23,$E$2:$E$5001,"Em ajustes"),1,0),0)) | N23: =IF(A23="","",IF(ISNUMBER(A23),A23,IFERROR(DATE(VALUE(MID(A23,7,4)),VALUE(MID(A23,4,2)),VALUE(MID(A23,1,2)))+TIME(VALUE(MID(A23,12,2)),VALUE(MID(A23,15,2)),VALUE(MID(A23,18,2))),"")))
I24: =IF(N24="","",INT(N24)) | J24: =IF(B24="","",IF(N24=_xlfn.MINIFS($N$2:$N$5001,$B$2:$B$5001,B24),1,0)) | K24: =IF(B24="","",IF(AND(D24="Formalização",E24="Concluído"),IF(COUNTIFS($B$2:$B$5001,B24,$E$2:$E$5001,"Em ajustes",$N$2:$N$5001,"<"&I24)>0,1,0),0)) | L24: =IF(B24="","",IF(N24=_xlfn.MAXIFS($N$2:$N$5001,$B$2:$B$5001,B24,$I$2:$I$5001,I24),1,0)) | M24: =IF(B24="","",IF(E24="Em ajustes",IF(N24=_xlfn.MINIFS($N$2:$N$5001,$B$2:$B$5001,B24,$E$2:$E$5001,"Em ajustes"),1,0),0)) | N24: =IF(A24="","",IF(ISNUMBER(A24),A24,IFERROR(DATE(VALUE(MID(A24,7,4)),VALUE(MID(A24,4,2)),VALUE(MID(A24,1,2)))+TIME(VALUE(MID(A24,12,2)),VALUE(MID(A24,15,2)),VALUE(MID(A24,18,2))),"")))
I25: =IF(N25="","",INT(N25)) | J25: =IF(B25="","",IF(N25=_xlfn.MINIFS($N$2:$N$5001,$B$2:$B$5001,B25),1,0)) | K25: =IF(B25="","",IF(AND(D25="Formalização",E25="Concluído"),IF(COUNTIFS($B$2:$B$5001,B25,$E$2:$E$5001,"Em ajustes",$N$2:$N$5001,"<"&I25)>0,1,0),0)) | L25: =IF(B25="","",IF(N25=_xlfn.MAXIFS($N$2:$N$5001,$B$2:$B$5001,B25,$I$2:$I$5001,I25),1,0)) | M25: =IF(B25="","",IF(E25="Em ajustes",IF(N25=_xlfn.MINIFS($N$2:$N$5001,$B$2:$B$5001,B25,$E$2:$E$5001,"Em ajustes"),1,0),0)) | N25: =IF(A25="","",IF(ISNUMBER(A25),A25,IFERROR(DATE(VALUE(MID(A25,7,4)),VALUE(MID(A25,4,2)),VALUE(MID(A25,1,2)))+TIME(VALUE(MID(A25,12,2)),VALUE(MID(A25,15,2)),VALUE(MID(A25,18,2))),"")))
I26: =IF(N26="","",INT(N26)) | J26: =IF(B26="","",IF(N26=_xlfn.MINIFS($N$2:$N$5001,$B$2:$B$5001,B26),1,0)) | K26: =IF(B26="","",IF(AND(D26="Formalização",E26="Concluído"),IF(COUNTIFS($B$2:$B$5001,B26,$E$2:$E$5001,"Em ajustes",$N$2:$N$5001,"<"&I26)>0,1,0),0)) | L26: =IF(B26="","",IF(N26=_xlfn.MAXIFS($N$2:$N$5001,$B$2:$B$5001,B26,$I$2:$I$5001,I26),1,0)) | M26: =IF(B26="","",IF(E26="Em ajustes",IF(N26=_xlfn.MINIFS($N$2:$N$5001,$B$2:$B$5001,B26,$E$2:$E$5001,"Em ajustes"),1,0),0)) | N26: =IF(A26="","",IF(ISNUMBER(A26),A26,IFERROR(DATE(VALUE(MID(A26,7,4)),VALUE(MID(A26,4,2)),VALUE(MID(A26,1,2)))+TIME(VALUE(MID(A26,12,2)),VALUE(MID(A26,15,2)),VALUE(MID(A26,18,2))),"")))
I27: =IF(N27="","",INT(N27)) | J27: =IF(B27="","",IF(N27=_xlfn.MINIFS($N$2:$N$5001,$B$2:$B$5001,B27),1,0)) | K27: =IF(B27="","",IF(AND(D27="Formalização",E27="Concluído"),IF(COUNTIFS($B$2:$B$5001,B27,$E$2:$E$5001,"Em ajustes",$N$2:$N$5001,"<"&I27)>0,1,0),0)) | L27: =IF(B27="","",IF(N27=_xlfn.MAXIFS($N$2:$N$5001,$B$2:$B$5001,B27,$I$2:$I$5001,I27),1,0)) | M27: =IF(B27="","",IF(E27="Em ajustes",IF(N27=_xlfn.MINIFS($N$2:$N$5001,$B$2:$B$5001,B27,$E$2:$E$5001,"Em ajustes"),1,0),0)) | N27: =IF(A27="","",IF(ISNUMBER(A27),A27,IFERROR(DATE(VALUE(MID(A27,7,4)),VALUE(MID(A27,4,2)),VALUE(MID(A27,1,2)))+TIME(VALUE(MID(A27,12,2)),VALUE(MID(A27,15,2)),VALUE(MID(A27,18,2))),"")))
I28: =IF(N28="","",INT(N28)) | J28: =IF(B28="","",IF(N28=_xlfn.MINIFS($N$2:$N$5001,$B$2:$B$5001,B28),1,0)) | K28: =IF(B28="","",IF(AND(D28="Formalização",E28="Concluído"),IF(COUNTIFS($B$2:$B$5001,B28,$E$2:$E$5001,"Em ajustes",$N$2:$N$5001,"<"&I28)>0,1,0),0)) | L28: =IF(B28="","",IF(N28=_xlfn.MAXIFS($N$2:$N$5001,$B$2:$B$5001,B28,$I$2:$I$5001,I28),1,0)) | M28: =IF(B28="","",IF(E28="Em ajustes",IF(N28=_xlfn.MINIFS($N$2:$N$5001,$B$2:$B$5001,B28,$E$2:$E$5001,"Em ajustes"),1,0),0)) | N28: =IF(A28="","",IF(ISNUMBER(A28),A28,IFERROR(DATE(VALUE(MID(A28,7,4)),VALUE(MID(A28,4,2)),VALUE(MID(A28,1,2)))+TIME(VALUE(MID(A28,12,2)),VALUE(MID(A28,15,2)),VALUE(MID(A28,18,2))),"")))
... I5001: =IF(N5001="","",INT(N5001)) | J5001: =IF(B5001="","",IF(N5001=_xlfn.MINIFS($N$2:$N$5001,$B$2:$B$5001,B5001),1,0)) | K5001: =IF(B5001="","",IF(AND(D5001="Formalização",E5001="Concluído"),IF(COUNTIFS($B$2:$B$5001,B5001,$E$2:$E$5001,"Em ajustes",$N$2:$N$5001,"<"&I5001)>0,1,0),0)) | L5001: =IF(B5001="","",IF(N5001=_xlfn.MAXIFS($N$2:$N$5001,$B$2:$B$5001,B5001,$I$2:$I$5001,I5001),1,0)) | M5001: =IF(B5001="","",IF(E5001="Em ajustes",IF(N5001=_xlfn.MINIFS($N$2:$N$5001,$B$2:$B$5001,B5001,$E$2:$E$5001,"Em ajustes"),1,0),0)) | N5001: =IF(A5001="","",IF(ISNUMBER(A5001),A5001,IFERROR(DATE(VALUE(MID(A5001,7,4)),VALUE(MID(A5001,4,2)),VALUE(MID(A5001,1,2)))+TIME(VALUE(MID(A5001,12,2)),VALUE(MID(A5001,15,2)),VALUE(MID(A5001,18,2))),"")))
A5003: Cole/insira novas linhas sempre ACIMA desta marca, dentro do intervalo com fórmulas (linhas 2 a 5001).

Sheet Resumo Diário
A1: DATA | B1: Propostas novas | C1: Ficaram em ajustes | D1: Concluídas após ajustes (exclui as do próprio dia) | E1: Concluídas no dia (total)
A2: 46235 | B2: =SUMPRODUCT((Dados!$I$2:$I$5001=A2)*(Dados!$J$2:$J$5001=1)) -> 0 | C2: =SUMPRODUCT((Dados!$I$2:$I$5001=A2)*(Dados!$M$2:$M$5001=1)) -> 0 | D2: =SUMPRODUCT((Dados!$I$2:$I$5001=A2)*(Dados!$K$2:$K$5001=1)*(Dados!$L$2:$L$5001=1)) -> 0 | E2: =SUMPRODUCT((Dados!$I$2:$I$5001=A2)*(Dados!$D$2:$D$5001="Formalização")*(Dados!$E$2:$E$5001="Concluído")*(Dados!$L$2:$L$5001=1)) -> 0
A3: =A2+1 -> 46236 | B3: =SUMPRODUCT((Dados!$I$2:$I$5001=A3)*(Dados!$J$2:$J$5001=1)) -> 0 | C3: =SUMPRODUCT((Dados!$I$2:$I$5001=A3)*(Dados!$M$2:$M$5001=1)) -> 0 | D3: =SUMPRODUCT((Dados!$I$2:$I$5001=A3)*(Dados!$K$2:$K$5001=1)*(Dados!$L$2:$L$5001=1)) -> 0 | E3: =SUMPRODUCT((Dados!$I$2:$I$5001=A3)*(Dados!$D$2:$D$5001="Formalização")*(Dados!$E$2:$E$5001="Concluído")*(Dados!$L$2:$L$5001=1)) -> 0
A4: =A3+1 -> 46237 | B4: =SUMPRODUCT((Dados!$I$2:$I$5001=A4)*(Dados!$J$2:$J$5001=1)) -> 0 | C4: =SUMPRODUCT((Dados!$I$2:$I$5001=A4)*(Dados!$M$2:$M$5001=1)) -> 0 | D4: =SUMPRODUCT((Dados!$I$2:$I$5001=A4)*(Dados!$K$2:$K$5001=1)*(Dados!$L$2:$L$5001=1)) -> 0 | E4: =SUMPRODUCT((Dados!$I$2:$I$5001=A4)*(Dados!$D$2:$D$5001="Formalização")*(Dados!$E$2:$E$5001="Concluído")*(Dados!$L$2:$L$5001=1)) -> 0
A5: =A4+1 -> 46238 | B5: =SUMPRODUCT((Dados!$I$2:$I$5001=A5)*(Dados!$J$2:$J$5001=1)) -> 0 | C5: =SUMPRODUCT((Dados!$I$2:$I$5001=A5)*(Dados!$M$2:$M$5001=1)) -> 0 | D5: =SUMPRODUCT((Dados!$I$2:$I$5001=A5)*(Dados!$K$2:$K$5001=1)*(Dados!$L$2:$L$5001=1)) -> 0 | E5: =SUMPRODUCT((Dados!$I$2:$I$5001=A5)*(Dados!$D$2:$D$5001="Formalização")*(Dados!$E$2:$E$5001="Concluído")*(Dados!$L$2:$L$5001=1)) -> 0
A6: =A5+1 -> 46239 | B6: =SUMPRODUCT((Dados!$I$2:$I$5001=A6)*(Dados!$J$2:$J$5001=1)) -> 0 | C6: =SUMPRODUCT((Dados!$I$2:$I$5001=A6)*(Dados!$M$2:$M$5001=1)) -> 0 | D6: =SUMPRODUCT((Dados!$I$2:$I$5001=A6)*(Dados!$K$2:$K$5001=1)*(Dados!$L$2:$L$5001=1)) -> 0 | E6: =SUMPRODUCT((Dados!$I$2:$I$5001=A6)*(Dados!$D$2:$D$5001="Formalização")*(Dados!$E$2:$E$5001="Concluído")*(Dados!$L$2:$L$5001=1)) -> 0
A7: =A6+1 -> 46240 | B7: =SUMPRODUCT((Dados!$I$2:$I$5001=A7)*(Dados!$J$2:$J$5001=1)) -> 0 | C7: =SUMPRODUCT((Dados!$I$2:$I$5001=A7)*(Dados!$M$2:$M$5001=1)) -> 0 | D7: =SUMPRODUCT((Dados!$I$2:$I$5001=A7)*(Dados!$K$2:$K$5001=1)*(Dados!$L$2:$L$5001=1)) -> 0 | E7: =SUMPRODUCT((Dados!$I$2:$I$5001=A7)*(Dados!$D$2:$D$5001="Formalização")*(Dados!$E$2:$E$5001="Concluído")*(Dados!$L$2:$L$5001=1)) -> 0
A8: =A7+1 -> 46241 | B8: =SUMPRODUCT((Dados!$I$2:$I$5001=A8)*(Dados!$J$2:$J$5001=1)) -> 0 | C8: =SUMPRODUCT((Dados!$I$2:$I$5001=A8)*(Dados!$M$2:$M$5001=1)) -> 0 | D8: =SUMPRODUCT((Dados!$I$2:$I$5001=A8)*(Dados!$K$2:$K$5001=1)*(Dados!$L$2:$L$5001=1)) -> 0 | E8: =SUMPRODUCT((Dados!$I$2:$I$5001=A8)*(Dados!$D$2:$D$5001="Formalização")*(Dados!$E$2:$E$5001="Concluído")*(Dados!$L$2:$L$5001=1)) -> 0
A9: =A8+1 -> 46242 | B9: =SUMPRODUCT((Dados!$I$2:$I$5001=A9)*(Dados!$J$2:$J$5001=1)) -> 0 | C9: =SUMPRODUCT((Dados!$I$2:$I$5001=A9)*(Dados!$M$2:$M$5001=1)) -> 0 | D9: =SUMPRODUCT((Dados!$I$2:$I$5001=A9)*(Dados!$K$2:$K$5001=1)*(Dados!$L$2:$L$5001=1)) -> 0 | E9: =SUMPRODUCT((Dados!$I$2:$I$5001=A9)*(Dados!$D$2:$D$5001="Formalização")*(Dados!$E$2:$E$5001="Concluído")*(Dados!$L$2:$L$5001=1)) -> 0
A10: =A9+1 -> 46243 | B10: =SUMPRODUCT((Dados!$I$2:$I$5001=A10)*(Dados!$J$2:$J$5001=1)) -> 1 | C10: =SUMPRODUCT((Dados!$I$2:$I$5001=A10)*(Dados!$M$2:$M$5001=1)) -> 0 | D10: =SUMPRODUCT((Dados!$I$2:$I$5001=A10)*(Dados!$K$2:$K$5001=1)*(Dados!$L$2:$L$5001=1)) -> 0 | E10: =SUMPRODUCT((Dados!$I$2:$I$5001=A10)*(Dados!$D$2:$D$5001="Formalização")*(Dados!$E$2:$E$5001="Concluído")*(Dados!$L$2:$L$5001=1)) -> 0
A11: =A10+1 -> 46244 | B11: =SUMPRODUCT((Dados!$I$2:$I$5001=A11)*(Dados!$J$2:$J$5001=1)) -> 0 | C11: =SUMPRODUCT((Dados!$I$2:$I$5001=A11)*(Dados!$M$2:$M$5001=1)) -> 1 | D11: =SUMPRODUCT((Dados!$I$2:$I$5001=A11)*(Dados!$K$2:$K$5001=1)*(Dados!$L$2:$L$5001=1)) -> 0 | E11: =SUMPRODUCT((Dados!$I$2:$I$5001=A11)*(Dados!$D$2:$D$5001="Formalização")*(Dados!$E$2:$E$5001="Concluído")*(Dados!$L$2:$L$5001=1)) -> 0
A12: =A11+1 -> 46245 | B12: =SUMPRODUCT((Dados!$I$2:$I$5001=A12)*(Dados!$J$2:$J$5001=1)) -> 1 | C12: =SUMPRODUCT((Dados!$I$2:$I$5001=A12)*(Dados!$M$2:$M$5001=1)) -> 1 | D12: =SUMPRODUCT((Dados!$I$2:$I$5001=A12)*(Dados!$K$2:$K$5001=1)*(Dados!$L$2:$L$5001=1)) -> 0 | E12: =SUMPRODUCT((Dados!$I$2:$I$5001=A12)*(Dados!$D$2:$D$5001="Formalização")*(Dados!$E$2:$E$5001="Concluído")*(Dados!$L$2:$L$5001=1)) -> 0
A13: =A12+1 -> 46246 | B13: =SUMPRODUCT((Dados!$I$2:$I$5001=A13)*(Dados!$J$2:$J$5001=1)) -> 0 | C13: =SUMPRODUCT((Dados!$I$2:$I$5001=A13)*(Dados!$M$2:$M$5001=1)) -> 0 | D13: =SUMPRODUCT((Dados!$I$2:$I$5001=A13)*(Dados!$K$2:$K$5001=1)*(Dados!$L$2:$L$5001=1)) -> 0 | E13: =SUMPRODUCT((Dados!$I$2:$I$5001=A13)*(Dados!$D$2:$D$5001="Formalização")*(Dados!$E$2:$E$5001="Concluído")*(Dados!$L$2:$L$5001=1)) -> 0
A14: =A13+1 -> 46247 | B14: =SUMPRODUCT((Dados!$I$2:$I$5001=A14)*(Dados!$J$2:$J$5001=1)) -> 0 | C14: =SUMPRODUCT((Dados!$I$2:$I$5001=A14)*(Dados!$M$2:$M$5001=1)) -> 0 | D14: =SUMPRODUCT((Dados!$I$2:$I$5001=A14)*(Dados!$K$2:$K$5001=1)*(Dados!$L$2:$L$5001=1)) -> 0 | E14: =SUMPRODUCT((Dados!$I$2:$I$5001=A14)*(Dados!$D$2:$D$5001="Formalização")*(Dados!$E$2:$E$5001="Concluído")*(Dados!$L$2:$L$5001=1)) -> 0
... A121: =A120+1 -> 46354 | B121: =SUMPRODUCT((Dados!$I$2:$I$5001=A121)*(Dados!$J$2:$J$5001=1)) -> 0 | C121: =SUMPRODUCT((Dados!$I$2:$I$5001=A121)*(Dados!$M$2:$M$5001=1)) -> 0 | D121: =SUMPRODUCT((Dados!$I$2:$I$5001=A121)*(Dados!$K$2:$K$5001=1)*(Dados!$L$2:$L$5001=1)) -> 0 | E121: =SUMPRODUCT((Dados!$I$2:$I$5001=A121)*(Dados!$D$2:$D$5001="Formalização")*(Dados!$E$2:$E$5001="Concluído")*(Dados!$L$2:$L$5001=1)) -> 0
